1.10469,1.07246,1.03184,1.01141,0.95045,0.929871,0.887097,0.780607,0.770657,0.741177,0.71154,0.679653,0.648495,0.615047,0.584534,0.552219,0.522546,0.489318,0.37916,0.365614,0.337812,0.297505,0.199479,0.158436,0.144816,0.0692369,-0.114233,-0.177308,-0.220769,-0.279697,-0.335434,-0.345864,-0.366195,-0.399146,-0.421237,-0.458122,-0.545572,-0.555239,-0.567991,-0.590005,-0.666149,-0.675912,-0.686358,-0.7113,-0.736865,-0.764998,-0.7898,-0.816191,-0.889485,-0.900521,-0.912811,-0.937032,-1.02317,-1.0887,-1.1481,-1.15844,-1.16644,-1.19465,-1.22122,-1.2397,-1.27504,-1.28801,-1.29974,-1.32228,-1.33536,-1.34497,-1.35831,-1.37329,-1.38116,-1.4111,-1.41166,-1.41196,-1.41316,-1.41425,-1.41756,-1.41722,-1.41763,-1.41486,-1.41337,-1.41258,-1.41906,-1.42316,-1.4233,-1.42348,-1.41788,-1.40598,-1.40335,-1.38657,-1.36026,-1.32349,-1.30351,-1.26543,-1.2066,-1.13445,-1.07591,-1.02906,-0.989657,-0.946362,-0.90226,-0.853784,-0.792214,-0.729232,-0.674389
-0.562391,-0.532763,-0.521653,-0.501149,-0.426349,-0.377521,-0.328535,-0.29436,-0.235437,-0.206102,-0.147299,-0.0868629,-0.0186277,0.0631604,0.0735057,0.0960048,0.128126,0.178257,0.197036,0.250324,0.267242,0.322493,0.340623,0.374911,0.397563,0.442787,0.460991,0.498885,0.580498,0.587397,0.611754,0.625891,0.667751,0.680487,0.721326,0.733477,0.769788,0.779435,0.790929,0.81196,0.836404,0.907451,0.912216,0.924348,0.942231,0.963901,0.984387,1.01851,1.02997,1.06374,1.0721,1.09753,1.13581,1.1371,1.14436,1.15105,1.15783,1.16139,1.16298,1.16142,1.15634,1.15356,1.14664,1.14456,1.13423,1.11598,1.10426,1.10046,1.09156,1.07703,1.06314,1.04738,1.03942,1.02198,1.00035,0.984939,0.952329,0.939468,0.914228,0.855312,0.844622,0.837276,0.824513,0.814696,0.798843,0.785802,0.744281,0.730365,0.675879,0.66183,0.606746,0.499085,0.423979,0.355396,0.267558,0.185158,0.109512,0.0986592,0.0583411,0.0383047,-0.0176243,-0.0364127,-0.088511,-0.220447,-0.254139,-0.287418,-0.320022,-0.428097,-0.49399,-0.537585,-0.533682,-0.536431,-0.536465,-0.546293,-0.655964,-0.712124,-0.713521,-0.733413,-0.739869,-0.761375,-0.778359,-0.800889,-0.839274,-0.862669,-0.873708,-0.875963,-0.897116,-0.916062,-0.938207,-0.963504,-0.980134,-1.00201,-1.01885,-1.02998,-1.03046,-1.0263
-1.41688,-1.41341,-1.40781,-1.39935,-1.39033,-1.38193,-1.36582,-1.33254,-1.30631,-1.27141,-1.23265,-1.18467,-1.13509,-1.08241,-1.0112,-0.940662,-0.858349,-0.725275,-0.564742,-0.408322,-0.313617,-0.201576,-0.0928767,0.0136774,0.124461,0.216159,0.331086,0.341857,0.403434,0.42726,0.506143,0.641669,0.650506,0.660738,0.689767,0.713317,0.736597,0.766642,0.871143,0.88598,0.915676,0.944396,0.987094,1.02772,1.06586,1.10116,1.12537,1.15806,1.18062,1.19895,1.23292,1.25339,1.28581,1.36755,1.37354,1.37803,1.39315,1.41274,1.42574,1.44807,1.45421,1.47195,1.47707,1.49217,1.49616,1.50998,1.52242,1.49792,1.47737,1.44125,1.43245,1.40192,1.39192,1.37053,1.36383,1.34795,1.34254,1.33215,1.32252,1.30324,1.29403,1.26719,1.25678,1.23577,1.18045,1.17097,1.13603,1.11666
-0.115649,-0.00841745,0.0714267,0.163593,0.272447,0.359534,0.373232,0.381548,0.40618,0.560669,0.649501,0.739435,0.8457,0.938016,1.01469,1.10251,1.18086,1.31851,1.40487,1.48016,1.56066,1.63865,1.69858,1.78185,1.86394,1.85486,1.85501,1.85303,1.88711,1.89759,1.91377,1.92828,1.93873,1.9803,1.99137,1.99146,2.00332,2.00516,2.00938,2.00738,2.00812,2.00637,2.00622,2.00417,2.00495,2.0121,2.00885,2.00404,1.99544,1.98903,1.97609,1.95734,1.94741,1.91948,1.87363,1.86535,1.7018,1.65967,1.64204,1.5922,1.57512,1.52989,1.48005,1.46632,1.42946,1.40405,1.35456,1.31557,1.2803,1.2427,1.20351,1.16052,1.11731,1.07404,1.0058,0.880605,0.820395,0.793745,0.729144,0.679546,0.642599,0.589998,0.53716,0.41928,0.395096,0.332912,0.292065,0.218459,0.167007,0.0808139,0.0451455,-0.0224308,-0.173386,-0.262536,-0.344868,-0.48486,-0.546167,-0.573311,-0.591518,-0.632969,-0.666474,-0.703239,-0.737855,-0.777213,-0.899542,-0.915672,-0.93596,-0.973124,-1.0734,-1.08787,-1.16228,-1.16966,-1.1803,-1.19915,-1.22122,-1.24291,-1.2673,-1.29128,-1.3187,-1.40866,-1.46205,-1.52134,-1.53639,-1.59103,-1.59931,-1.61175,-1.63174,-1.64214,-1.65948,-1.67215,-1.69333,-1.72408,-1.72925,-1.72974,-1.73499,-1.73646,-1.73564,-1.7451,-1.74045,-1.74411
1.98536,1.99127,2.01613,2.02073,2.03476,2.0385,2.04997,2.04648,2.04318,2.03741,2.02996,2.02887,2.02878,2.03688,2.039,2.04585,2.04691,2.0489,2.06026,2.08216,2.08007,2.07932,2.07283,2.07073,2.06608,2.0498,2.03996,2.00143,1.99548,1.97863,1.96188,1.94544,1.92761,1.8901,1.86299,1.8534,1.83081,1.8058,1.79838,1.7884,1.77961,1.76339,1.74803,1.726,1.71691,1.69369,1.65924,1.65567,1.63925,1.6302,1.61236,1.59731,1.58078,1.5634,1.51031,1.4988,1.45661,1.41643,1.36748,1.31888,1.27453,1.25765,1.22439,1.20153,1.14914,1.1322,1.08373,1.07016,1.04462,1.02918,0.992742,0.922051,0.858945,0.85337,0.81544,0.7987,0.74371,0.726049,0.692028,0.604977,0.541674,0.482175,0.428529,0.413681,0.386755,0.351102,0.260352,0.251704,0.233151,0.207346,0.180323,0.156379,0.133178,0.113653,0.096051,0.0812432,0.0716913,0.060191,0.0498019,0.0216361,0.0226763,0.0246892,0.0274469,0.0303117,0.0323868,0.0390448,0.0432822,0.0559716,0.0889615,0.0950236,0.106375,0.12164,0.130311,0.152817,0.162962,0.184369,0.231697,0.272956,0.328677,0.385507,0.475109,0.5186,0.586835,0.652734,0.692265,0.786516,0.860203,0.878282,0.899254,0.937431,0.973678,1.06344,1.11545,1.18916,1.25905,1.33128,1.39874,1.44967,1.48429,1.51804,1.54469,1.59219,1.58608,1.58394,1.57703,1.56465,1.53168,1.52625,1.52105,1.49715,1.48188,1.4526,1.44088,1.41799,1.38269,1.35263,1.32172,1.29291,1.25959,1.23633,1.19866,1.1613,1.13791,1.10509,1.01066
0.970758,0.961541,0.916192,0.894451,0.822248,0.801075,0.728375,0.705546,0.654328,0.620086,0.580379,0.546784,0.484279,0.363943,0.357877,0.33583,0.303247,0.232105,0.151165,0.134097,0.117921,0.0835102,0.0186973,-0.0117057,-0.0899011,-0.202157,-0.210844,-0.255146,-0.272409,-0.30821,-0.396024,-0.471419,-0.556282,-0.623526,-0.670434,-0.706687,-0.732601,-0.754514,-0.779754,-0.782719,-0.784555,-0.793614,-0.806659,-0.81655,-0.82383,-0.844452,-0.867504,-0.862972,-0.862229,-0.859833,-0.859129,-0.857313,-0.852969,-0.851197,-0.849783,-0.83627,-0.823483,-0.818028,-0.809467,-0.798015,-0.78068,-0.772117,-0.752431,-0.734291,-0.697707,-0.685737,-0.656515,-0.634582,-0.620027,-0.600102,-0.578265,-0.55072,-0.514004,-0.480389,-0.420258,-0.38536,-0.347421,-0.246429,-0.238536,-0.222739,-0.198679,-0.167762,-0.142929,-0.109737,-0.0808432,0.908864,0.996142,1.06952,1.14169,1.2851,1.36104,1.42238,1.48033,1.54269,1.60625,1.65849,1.67249,1.68161,1.70414,1.72329,1.80631,1.85643,1.84212,1.81767,1.82936
2.40125,2.44189,2.43749,2.43805,2.43461,2.43437,2.4282,2.44628,2.44346,2.44038,2.4348,2.41658,2.40635,2.37628,2.35947,2.34605,2.29494,2.28388,2.26689,2.24963,2.21122,2.19636,2.18239,2.15485,2.12823,2.11553,2.0921,2.07336,2.04021,2.02602,1.98739,1.9202,1.91448,1.88582,1.87279,1.84728,1.82612,1.78845,1.77157,1.72507,1.70772,1.67465,1.59138,1.57904,1.55661,1.52322,1.49134,1.45979,1.42747,1.39626,1.36439,1.33436,1.30414,1.27578,1.23097,1.17476,1.07115,1.06117,1.03227,1.00302,0.957014,0.93879,0.886669,0.868504,0.816603,0.800006,0.753808,0.740673,0.713504,0.628792,0.561782,0.489502,0.485233,0.450594,0.356273,0.287471,0.225769,0.176874,0.124723,0.0733585,0.0127908,-0.057262,-0.0627851,-0.0959683,-0.108812,-0.146297,-0.215831,-0.24162,-0.249169,-0.266945,-0.272833,-0.282188,-0.287531,-0.285692,-0.28552,-0.280495,-0.260875,-0.256075,-0.240936,-0.227769,-0.218398,-0.204918,-0.185865,-0.174259,-0.152771,-0.0680441,-0.0588653,-0.027087,0.00230889,0.0556292,0.076267,0.140861,0.162368,0.184137,0.227065,0.262719,0.382691,0.470695,0.49359,0.528777,0.552483,0.629058,0.656557,0.716017,0.760884,0.826909,0.945492,0.954484,0.982248,1.00887,1.0496,1.06505,1.11109,1.126,1.17076
-0.551053,-0.548204,-0.537456,-0.534652,-0.524791,-0.518816,-0.511101,-0.490686,-0.486443,-0.460956,-0.404263,-0.365836,-0.32821,-0.263768,-0.207389,-0.125409,-0.112471,-0.0678609,-0.0484487,0.00656107,0.0236639,0.0697632,0.0848408,0.118398,0.20977,0.220054,0.264435,0.282374,0.338495,0.355871,0.392429,0.424274,0.445932,0.477362,0.515988,0.540879,0.602086,0.713897,0.720755,0.740603,0.769018,0.792046,0.824633,0.866156,0.91601,0.973025,0.979111,0.993884,1.01545,1.0378,1.05805,1.07061,1.0878,1.1095,1.12342,1.14465,1.21152,1.21563,1.23476,1.24479,1.27809,1.28924,1.31122,1.32634,1.3492,1.35735,1.382,1.38817,1.40521,1.4289,1.43048,1.43431,1.43678,1.43958,1.44217,1.44175,1.44145,1.4257,1.39981,1.37106,1.36549,1.35383,1.34115,1.32249,1.31567,1.29339,1.28585,1.26757,1.25566,1.22868,1.18302,1.17524,1.16197,1.1413,1.11158,1.09901,1.06052,1.0457,1.00682,0.99312,0.951622,0.871317,0.86329,0.840079,0.820489,0.7978,0.729154,0.713181,0.674978,0.651738,0.602349,0.501615,0.431869,0.357947,0.281645,0.205439,0.148162,0.0725606,0.00567757,-0.0476149,-0.213003,-0.238953,-0.262635,-0.281923,-0.307679,-0.34202,-0.446933,-0.524486,-0.590691,-0.634831,-0.640594,-0.653254,-0.672906,-0.685917,-0.756929,-0.820831,-0.877941,-0.942129,-0.947951,-0.979118,-0.991668,-1.01749,-1.03447,-1.04685,-1.05791,-1.06734,-1.07711,-1.08315,-1.10618,-1.1097,-1.0964,-1.07314,-1.05068,-1.03207,-1.01016,-0.979044,-0.957993,-0.947092,-0.941662,-0.919949,-0.911997,-0.894034,-0.880282,-0.858788,-0.818372,-0.774341,-0.769233,-0.762435,-0.695396,-0.688589,-0.652344,-0.63752,-0.539569,-0.528881,-0.489439,-0.47041,-0.414488
-0.645687,-0.662828,-0.67385,-0.689688,-0.708189,-0.724299,-0.743048,-0.759592,-0.774302,-0.783378,-0.797512,-0.805399,-0.819909,-0.833223,-0.846992,-0.872547,-0.890178,-0.894932,-0.909507,-0.918609,-0.9348,-0.94153,-0.934035,-0.926676,-0.92623,-0.920435,-0.914584,-0.903334,-0.899957,-0.892019,-0.870337,-0.850613,-0.828261,-0.818323,-0.80669,-0.789161,-0.767023,-0.746406,-0.726375,-0.711884,-0.6958,-0.678561,-0.661714,-0.64279,-0.627472,-0.616095,-0.597225,-0.573134,-0.542404,-0.509494,-0.505075,-0.482135,-0.472228,-0.451647,-0.394557,-0.356374,-0.326258,-0.28903,-0.237771,-0.191292,-0.149552,-0.111714,-0.108986,-0.0866961,-0.030103,0.0163291,0.0214752,0.0377953,0.0534789,0.0824753,0.0915643,0.101607,0.115444,0.140786,0.1524,0.193542,0.205315,0.234893,0.308966,0.361919,0.411411,0.461131,0.50289,0.539659,0.582584,0.625778,0.629678,0.656132,0.665275,0.702156,0.713008,0.75303,0.764089,0.803851,0.814606,0.851558,0.860854,0.889947,0.896545,0.913591,0.926307,0.954142,0.96525,1.00242,1.059,1.06232,1.07891,1.08907,1.12423,1.13543,1.16782,1.17732,1.20712,1.26185,1.2661,1.29016,1.30172,1.31395,1.33747,1.34557,1.3636,1.37576,1.39646
1.38321,1.46742,1.53999,1.59365,1.70182,1.75158,1.80668,1.86053,1.91641,1.9622,2.01528,2.12224,2.2037,2.24541,2.27868,2.30777,2.36252,2.38277,2.39643,2.41415,2.43404,2.45589,2.49962,2.4926,2.49192,2.51995,2.57032,2.57124,2.5853,2.59546,2.61096,2.67363,2.70993,2.70597,2.70498,2.69467,2.69095,2.68404,2.67607,2.68055,2.68646,2.69463,2.68738,2.67719,2.66613,2.71598,2.70956,2.67254,2.65254,2.63942,2.62493,2.61356,2.59177,2.5533,2.53377,2.50078,2.45742,2.42038,2.37332,2.32965,2.29357,2.26156,2.22797,2.17379,2.14726,2.11147,2.05735,2.00436,1.94797,1.90314,1.86794,1.81612,1.55489,1.40004,1.32877,1.25784,-0.0759469,-0.134538,-0.199397,-0.271412,-0.352875,-0.424906,-0.480992,-0.554587,-0.69342,-0.749475,-0.792208,-0.835111,-0.841646,-0.848218,-0.864403,-0.890604,-0.970816,-1.01854,-1.05864,-1.10146,-1.14255,-1.17939,-1.22136,-1.25536
1.74695,1.74558,1.75233,1.74939,1.74385,1.73706,1.74261,1.74458,1.75478,1.75689,1.76303,1.76344,1.76857,1.79539,1.79767,1.80738,1.81479,1.82035,1.82537,1.84947,1.8573,1.87005,1.873,1.87973,1.88115,1.8957,1.9313,1.92881,1.91792,1.92591,1.92565,1.93193,1.93085,1.93453,1.93271,1.93853,1.95619,1.93874,1.93561,1.9273,1.93236,1.93293,1.93327,1.92565,1.92215,1.93738,1.94276,1.94305,1.93772,1.92501,1.90151,1.87681,1.8502,1.81925,1.78813,1.7518,1.71601,1.60797,1.56349,1.5167,1.4854,1.47247,1.3842,-1.31159,-1.34472,-1.38353,-1.40767,-1.40839,-1.4128,-1.45964,-1.45962,-1.46506,-1.50112,-1.52055,-1.53988,-1.56291,-1.58838,-1.61037,-1.63357,-1.63667,-1.646,-1.65575,-1.66775,-1.72363,-1.76076,-1.76432,-1.77336,-1.81427,-1.81436,-1.81859,-1.82028,-1.8233,-1.83509,-1.8348,-1.83374,-1.83056,-1.82699,-1.82248,-1.82093,-1.81792,-1.81469,-1.82221,-1.82493,-1.81715,-1.81483,-1.81238,-1.79939,-1.79584,-1.79232,-1.78609,-1.7841,-1.78247,-1.78358,-1.78447,-1.78428,-1.78441,-1.78507,-1.78654,-1.78661,-1.79128,-1.79084,-1.79107,-1.78991,-1.7883,-1.7862,-1.78187,-1.77161,-1.76997,-1.76623,-1.76038,-1.75209,-1.74653,-1.73894,-1.70691,-1.70374,-1.69922,-1.68757,-1.67335,-1.63524,-1.63088,-1.62181,-1.60952,-1.59832,-1.58975,-1.58374,-1.57611,-1.56704,-1.54586,-1.54131,-1.53761,-1.52912,-1.50322,-1.48593,-1.47633,-1.43389,-1.4161,-1.40296,-1.37315,-1.29583,-1.2829,-1.26734,-1.23999,-1.20431,-1.18277,-1.15042
-0.558798,-0.520437,-0.474149,-0.463831,-0.396199,-0.305393,-0.295345,-0.271834,-0.239402,-0.206758,-0.17655,-0.105153,-0.0934969,-0.0860914,-0.0682547,-0.0539956,-0.031399,-0.0102894,0.0189211,0.113543,0.121604,0.177184,0.198247,0.279191,0.307014,0.334304,0.36339,0.459889,0.5257,0.656466,0.724074,0.798824,0.86512,0.880142,0.913809,0.944236,0.988302,1.09654,1.15119,1.1583,1.1683,1.24826,1.41591,1.46787,1.51701,1.6218,1.66331,1.6966,1.74245,1.77255,1.79951,1.87104,1.90418,1.93826,2.00263,2.03959,2.06839,2.08832,2.1065,2.12284,2.14613,2.15422,2.15622,2.15837,2.1797,2.18173,2.18386,2.19037,2.1941,2.2068,2.243,2.24608,2.25723,2.27159,2.28958,2.30456,2.31677,2.32651,2.34574,2.35419,2.36819,2.39703,2.40002,2.4055,2.40662,2.4194,2.42905,2.44015,2.44283,2.44343,2.44431,2.43833,2.4549,2.45519,2.45436,2.44872,2.44624,2.44337,2.43777,2.4376,2.43796,2.43998,2.43617,2.4269,2.42627,2.41688,2.41141,2.40854,2.40779,2.41282,2.40752,2.39144,2.36878,2.33799,2.31212,2.29156,2.26324,2.23059,2.2074,2.19087,2.17139,2.15365,2.13231,2.11095,2.08951,2.04587,1.98331,1.94002,1.8794,1.83399,1.79542,1.69483,1.61819,1.54972,1.41088,1.34204,1.29288,1.2244,1.13741,1.06892,0.983377,0.83689,0.0694329,0.00560687
0.251733,0.334365,0.40003,0.45826,0.51137,0.559694,0.601378,0.601776,0.614054,0.621136,0.649021,0.659219,0.684073,0.706576,0.73139,0.812249,0.81719,0.837634,0.847867,0.874972,0.898668,0.960648,0.978913,1.00288,1.03221,1.06411,1.14741,1.19864,1.20161,1.22118,1.26956,1.30144,1.32935,1.36275,1.36619,1.36824,1.38059,1.38409,1.39542,1.39954,1.41616,1.42289,1.44512,1.48914,1.49175,1.49756,1.50583,1.50899,1.51057,1.51158,1.5199,1.51925,1.51988,1.51684,1.51229,1.50931,1.49449,1.48679,1.47016,1.45567,1.44035,1.42241,1.38883,1.34901,1.28088,1.19561,1.17884,1.11296,1.00986,1.00195,0.9867,0.960896,0.92565,0.891976,0.83127,0.802552,0.748543,0.710098,0.664114,0.528986,0.512688,0.476115,0.441365,0.403967,0.350214,0.296752,0.263842,0.209185,0.155723,0.0681205,0.0372978,-0.0474722,-0.185701,-0.197822,-0.235962,-0.274496,-0.315111,-0.356516,-0.399693,-0.443078,-0.513408,-0.716987,-0.800558,-0.88339,-0.955913,-1.02789,-1.09749,-1.15184,-1.22496,-1.31827,-1.40054,-1.46562,-1.46891,-1.48521,-1.50507,-1.54654,-1.56234,-1.61842,-1.71792,-1.72218,-1.74884,-1.76269,-1.80527,-1.81575,-1.83586,-1.89638,-1.89743,-1.90616,-1.90852,-1.91228,-1.91187,-1.91071,-1.91668,-1.88456,-1.84404,-1.78812,-1.75879,-1.71619,-1.66045,-1.61269,-1.56867,-1.52725,-1.4774,-1.41083,-1.34597,-1.28811,-1.23818
1.49595,1.51141,1.55451,1.65968,1.67731,1.71087,1.74306,1.77874,1.81126,1.8441,1.87351,1.9013,1.92534,1.94471,2.02882,2.03212,2.04378,2.04408,2.04363,2.04033,2.02546,2.02124,2.01306,1.99949,1.9857,1.96052,1.93345,1.90562,1.89926,1.87562,1.86578,1.84975,1.83464,1.80746,1.79551,1.76205,1.74879,1.71154,1.6559,1.64696,1.6306,1.60427,1.5758,1.54621,1.52825,1.50063,1.47286,1.42003,1.38588,1.35205,1.25721,1.24592,1.20456,1.18266,1.16198,1.11743,1.07298,1.0511,0.992583,0.9737,0.925278,0.912863,0.880898,0.812224,0.768102,0.727827,0.696509,0.644784,0.584533,0.551759,0.513645,0.474092,0.429756,0.392884,0.390121,0.384074,0.350016,0.3472,0.345477,0.338524,0.333156,0.327618,0.321594,0.317497,0.312587,0.310638,0.342335,0.377807,0.436443,0.515011,0.601285,0.672898,1.97085,2.03297,2.10261,2.16635,2.17714,2.24847,2.26108,2.27533,2.3607,2.46379,2.49485,2.52184,2.54177,2.6195
1.53195,1.44795,1.43245,1.41727,1.36898,1.33849,1.30736,1.25115,1.22323,1.17238,1.13903,1.07832,1.05242,1.00041,0.962587,0.923781,0.804451,0.791513,0.775572,0.727477,0.67036,0.632345,0.548416,0.517412,0.436573,0.412949,0.371952,0.33889,0.27834,0.253882,0.18412,0.163107,0.121801,0.0157101,-0.058618,-0.128706,-0.209817,-0.274516,-0.339879,-0.343949,-0.379539,-0.393041,-0.430119,-0.457941,-0.514928,-0.533969,-0.578701,-0.611601,-0.679206,-0.812193,-0.824494,-0.858912,-0.892945,-0.941602,-0.958819,-0.995107,-1.08305,-1.15344,-1.23316,-1.32103,-1.39532,-1.47954,-1.55912,-1.61548,-1.66609,-1.70878,-1.74535,-1.77163,-1.77677,-1.7719,-1.76889,-1.76564,-1.75961,-1.75775,-1.75359,-1.74918,-1.73751,-1.71183,-1.69838,-1.69086,-1.67609,-1.62524,-1.59792,-1.55784,-1.51571,-1.47101,-1.42041,-1.37502,-1.32979,-1.27276,-1.2218,-1.14937,-1.08781,-1.03559,-0.973789,-0.912675,-0.85601,-0.809781,-0.753574,-0.707033,-0.665456,-0.619637
-1.26055,-1.251,-1.24526,-1.2354,-1.22786,-1.21931,-1.21306,-1.20448,-1.19694,-1.18804,-1.18,-1.16811,-1.15585,-1.13992,-1.08406,-1.07694,-1.06036,-1.03626,-1.00739,-0.977851,-0.946961,-0.920481,-0.892501,-0.781375,-0.675806,-0.564335,-0.552789,-0.497296,-0.385037,-0.377138,-0.348095,-0.321041,-0.290103,-0.190143,-0.122553,-0.053098,0.0206954,0.0903336,0.148447,0.202063,0.204813,0.221864,0.232627,0.270615,0.281813,0.306871,0.32282,0.349338,0.42315,0.428683,0.461141,0.471805,0.485489,0.50912,0.543021,0.557154,0.604646,0.619564,0.674822,0.691923,0.743636,0.832546,0.887416,0.891377,0.891615,0.896649,0.913338,0.924581,0.958817,0.985296,1.0083,1.11034,1.12253,1.14878,1.18363,1.21459,1.30944,1.31787,1.35544,1.37304,1.42954,1.52849,1.53544,1.56205,1.58637,1.61515,1.64199,1.69676,1.7181,1.7621,1.79166,1.82488,1.85649,1.91219,2.01883,2.024,2.05522,2.06533,2.08845,2.10259,2.12395,2.13008,2.14439,2.16855,2.16568,2.16419,2.1582,2.15717,2.15589,2.15581,2.15437,2.15167,2.14409,2.13869,2.13213,2.12658,2.12263,2.11911,2.1028,2.09037,2.08073,2.06706,2.05254,2.02716,2.01752,1.99678,1.93172,1.86787,1.85654,1.82411,1.78985,1.75649,1.72245,1.68712,1.64887,1.60937,1.49546,1.45549,1.41574,1.39068,1.35111,1.31098,1.25575,1.21226,1.16774,1.13827,1.09595,0.961842,0.950797,0.894617,0.870051,0.804489,0.783486,0.722002,0.700928,0.643811,0.536125,0.511719,0.503749,0.4524,0.430997,0.361128,0.337094,0.270974,0.248278,0.185731
0.184903,0.209103,0.246884,0.272087,0.278764,0.276702,0.291383,0.270057,0.260038,0.270074,0.22903,0.218441,0.205062,0.168798,0.131541,0.111232,0.0784333,0.0472764,0.0106888,-0.0243725,-0.0617415,-0.159523,-0.183188,-0.207201,-0.255851,-0.373936,-0.457024,-0.548118,-0.644234,-0.711789,-0.719992,-0.750731,-0.77496,-0.803895,-0.838228,-0.866604,-0.890067,-0.918216,-1.01086,-1.08431,-1.09576,-1.11968,-1.15657,-1.19298,-1.22894,-1.24984,-1.28301,-1.30388,-1.36918,-1.38074,-1.39452,-1.41012,-1.42907,-1.46344,-1.47563,-1.48277,-1.48656,-1.48632,-1.48358,-1.4781,-1.45117,-1.44363,-1.43594,-1.41305,-1.39567,-1.37815,-1.3587,-1.31997,-1.30079,-1.27928,-1.223,-1.16938,-1.1175,-1.07434,-1.01789,-0.927797,-0.834674,-0.749192,-0.674168,-0.608868,-0.540783,-0.481071,-0.473734,-0.453666,-0.42935,-0.405511,-0.378413,-0.350722,-0.319381,-0.287357,-0.179202,-0.113996,-0.0708917,-0.0375436,-0.021081,-0.00367237,-0.000853323,0.00061971,-0.00301179,-0.00976777,-0.0192356,-0.0202101,-0.023181,-0.026957,-0.0357152,-0.0617656,-0.0599554,-0.0678998,-0.0788412,-0.140437,-0.151573,-0.165515,-0.189955,-0.216871,-0.242663,-0.271348,-0.299527,-0.329042,-0.354114,-0.380804,-0.40663,-0.453978,-0.553729,-0.571369,-0.613693,-0.637875,-0.700225,-0.811989,-0.90154,-0.98745,-1.05233,-1.10972
-1.5601,-1.63214,-1.66271,-1.68629,-1.71825,-1.75047,-1.77635,-1.79862,-1.79792,-1.79912,-1.80167,-1.85209,-1.85538,-1.87288,-1.90531,-1.92055,-1.93061,-1.93294,-1.93404,-1.95069,-1.94585,-1.94573,-1.94505,-1.94349,-1.94018,-1.93515,-1.92287,-1.83404,-1.76938,-1.66331,-1.64125,-1.56023,-1.52103,-1.50334,-1.46937,-1.42055,-1.38947,-1.28657,-1.19361,-1.12623,-1.10818,-1.06635,-0.917604,-0.807993,-0.70809,-0.635564,-0.558144,-0.484741,-0.429665,-0.348222,-0.271251,-0.199536,-0.132241,-0.0597398,0.0104123,0.0815198,0.132777,0.19346,0.243198,0.303063,0.30981,0.319466,0.33766,0.34817,0.370558,0.384088,0.402217,0.418234,0.462208,0.482222,0.481298,0.50972,0.490644,0.474158,0.479014,0.481088,0.499006,0.495159,0.489549,0.472431,0.470247,0.457397,0.449383,0.430942,0.373165,0.328028,0.317866,0.294176,0.188645,0.173009,0.144991,0.0252365,-0.0490526,-0.0560199,-0.0930838,-0.103598,-0.134221,-0.145595,-0.222817,-0.247947,-0.318435,-0.370373,-0.377526,-0.393514,-0.416899,-0.432648,-0.505792,-0.563184,-0.614843,-0.6243,-0.654408,-0.67417,-0.712402,-0.74218,-0.790919,-0.881646,-0.940465,-0.999975,-1.05241,-1.09715,-1.16571
1.1902,1.33725,1.40394,1.47883,1.53604,1.60309,1.6715,1.73868,1.75776,1.77077,1.80401,1.83157,1.86539,1.96155,1.97001,1.9859,2.01054,2.04263,2.06736,2.18018,2.18483,2.19553,2.2122,2.24183,2.31677,2.37949,2.38257,2.39001,2.43828,2.49855,2.47836,2.46078,2.43871,2.42769,2.42307,2.41861,2.40967,2.41145,2.18558,2.20761,2.21627,2.24046,2.30037,2.33419,2.39473,2.41441,2.42979,2.55798,2.53352,2.55313,2.58992,2.59529,2.62621,2.62389,2.62435,2.62194,2.61973,2.6096,2.59862,2.58316,2.56363,2.54805,2.53289,2.50288,2.49133,2.46566,2.45026,2.43356,2.40117,2.37705,2.31472,2.30415,2.28957,2.26437,2.23994,2.21824,2.18899,2.15705,2.07141,2.04667,1.92094,1.83995,1.75494,1.68239,1.61245,1.55149,1.47333,1.40074,1.32902,1.19284,1.12804,1.05911,0.992138,0.978798,0.957843,0.850095,0.845324,0.837191,0.750792,0.667306
-1.41261,-1.36939,-1.30991,-1.24942,-1.18961,-1.13051,-1.0904,-1.04607,-1.0004,-0.951019,-0.890081,-0.82606,-0.772948,-0.724386,-0.675929,-0.638667,-0.600018,-0.118136,-0.120285,-0.119153,-0.117497,-0.108233,-0.104504,-0.0968008,-0.087923,-0.0820783,-0.0817599,-0.0723503,-0.0728904,-0.0665367,-0.0376331,-0.0307319,-0.0173882,0.00515781,0.0296427,0.0518339,0.0745776,0.0982916,0.122521,0.157641,0.235936,0.246183,0.258135,0.33589,0.37824,0.389036,0.397955,0.451996,0.483065
-0.939302,-0.912926,-0.837217,-0.791056,-0.7606,-0.705029,-0.641746,-0.588682,-0.540563,-0.491339,-0.450796,-0.446003,-0.441469,-0.423419,-0.393998,-0.348763,-0.343751,-0.325232,-0.306899,-0.284647,-0.213254,-0.173584,-0.140205,-0.110305,-0.112807,-0.114618,-0.119869,-0.120111,-0.11699,-0.117206,-0.119532,-0.125585,-0.13786,-0.175207,-0.261716,-0.266112,-0.285241,-0.300279,-0.39934,-0.467855,-0.543658,-0.631853,-0.708876,-0.776224,-0.854179,-0.909944,-0.9753,-1.04593,-1.12336,-1.19577,-1.25994,-1.26903,-1.29711,-1.32483,-1.37072,-1.45581,-1.51541,-1.56087,-1.56981,-1.59181,-1.65357,-1.68864,-1.72183,-1.76103,-1.80259,-1.81068,-1.82361,-1.87721,-1.88297,-1.89582,-1.91349,-1.92356,-1.93647,-1.97372,-1.97236,-1.97412,-1.99048,-1.98465,-1.98117,-1.97287,-1.963,-1.94803,-1.93878,-1.92324,-1.90795,-1.88599,-1.86653,-1.84496,-1.82672,-1.77711,-1.75855,-1.6858,-1.67206,-1.65687,-1.62944,-1.58783,-1.56201,-1.53437,-1.49466,-1.46621,-1.44146,-1.34287,-1.33356,-1.31908,-1.29622,-1.26165,-1.23434,-1.20242,-1.18116,-1.14913,-1.06369,-1.05927,-1.04777,-0.944608,-0.935617,-0.907968,-0.883084,-0.855831,-0.828491,-0.762829,-0.720076,-0.645255,-0.579385,-0.483552,-0.384909,-0.306446,-0.218925,-0.123612,-0.0573971,0.00566469,0.0503738,0.109171,0.169883,0.229963
-1.29092,-1.32689,-1.36263,-1.38358,-1.41673,-1.43837,-1.46037,-1.54636,-1.56406,-1.57722,-1.60601,-1.63025,-1.65832,-1.67527,-1.69176,-1.74855,-1.75437,-1.7596,-1.78182,-1.78686,-1.78144,-1.78036,-1.7736,-1.77078,-1.76445,-1.74783,-1.72893,-1.70928,-1.6814,-1.62605,-1.5735,-1.52046,-1.51342,-1.49387,-1.42851,-1.38204,-1.33909,-1.29294,-1.27187,-1.23381,-1.17405,-1.10813,-1.02658,-0.952428,-0.896231,-0.828341,-0.777823,-0.720655,-0.667329,-0.628415,-0.578527,-0.524941,-0.485193,-0.445632,-0.398275,-0.347467,-0.301638,-0.248929,-0.206417,-0.162513,-0.120246,-0.0671767,-0.0259066,-0.00410029,0.0351377,0.0745509,0.106532,0.0994702,0.0944919,0.0992621,0.0870075,0.0841009,0.0765998,0.049994,0.0440187,0.0255512,0.0118305,-0.00149199,-0.0853445,-0.110224,-1.52081,-1.60714,-1.65641,-1.71168,-1.75974,-1.82542,-1.88167,-1.90496,-1.97895,-2.04644,-2.05273,-2.06107,-2.06758,-2.0686,-2.0606,-2.08593,-2.07779,-2.01583,-1.98036,-1.97579,-1.96692,-1.93268,-1.92196,-1.8949,-1.87642,-1.84645,-1.81713,-1.69274,-1.68131,-1.66893,-1.63062,-1.53957,-1.48596,-1.44892,-1.42369,-1.3909,-1.36436,-1.32973,-1.2738,-1.16044
